"row ID","primary gini","secondary gini","tertiary gini"
"Row0",0.4210225171746993,0.45502437293811554,0.35126964942148686
